id,status_code,response_time,error
1,200,0.204,
2,200,0.189,
3,200,1.273,
4,200,0.192,
5,200,0.196,
6,200,0.186,
7,200,0.188,
8,200,0.531,
9,200,0.209,
10,200,0.196,
11,200,0.439,
12,200,0.982,
13,200,0.192,
14,200,0.184,
15,200,0.204,
16,200,0.173,
17,200,0.219,
18,200,0.181,
19,200,0.197,
20,200,0.184,
21,200,0.243,
22,200,1.17,
23,200,0.171,
24,200,1.237,
25,200,0.453,
26,200,0.19,
27,200,0.188,
28,200,0.188,
29,200,0.195,
30,200,0.265,
31,200,0.193,
32,200,0.187,
33,200,1.188,
34,200,0.181,
35,200,0.183,
36,200,0.186,
37,200,0.46,
38,200,0.165,
39,200,0.19,
40,200,0.926,
41,200,1.199,
42,200,0.264,
43,200,0.432,
44,200,0.173,
45,200,0.2,
46,200,0.191,
47,200,0.195,
48,200,1.178,
49,200,0.184,
50,200,0.222,
51,200,1.194,
52,200,1.203,
53,200,1.194,
54,200,0.194,
55,200,0.182,
56,200,0.195,
57,200,0.195,
58,200,0.164,
59,200,0.182,
60,200,0.185,
61,200,0.187,
62,200,0.169,
63,200,0.259,
64,200,0.166,
65,200,0.177,
66,200,0.179,
67,200,0.183,
68,200,0.184,
69,200,0.197,
70,200,0.171,
71,200,0.179,
72,200,0.185,
73,200,0.166,
74,200,0.169,
75,200,0.189,
76,200,0.191,
77,200,0.19,
78,200,0.194,
79,200,0.189,
80,200,0.182,
81,200,0.183,
82,200,0.156,
83,200,0.186,
84,200,0.185,
85,200,0.185,
86,200,0.189,
87,200,0.168,
88,200,0.188,
89,200,0.191,
90,200,0.194,
91,200,0.169,
92,200,0.195,
93,200,1.184,
94,200,0.179,
95,200,0.256,
96,200,0.952,
97,200,1.235,
98,200,1.193,
99,200,0.185,
100,200,0.202,
